<?xml version="1.0" encoding="UTF-8"?>
<configuration>

    <springProperty name="applicationName" source="spring.application.name" defaultValue="UNKNOWN"/>

    <appender name="STDOUT" class="ch.qos.logback.core.ConsoleAppender">
        <encoder>
            <pattern>%d{dd-MM-yyyy HH:mm:ss.SSS} [%thread] [%X{traceId}-%X{spanId}] %-5level ${applicationName}-%logger{36}.%M - %msg%n</pattern>
        </encoder>
    </appender>
    <appender name="ROLLING-FILE" class="ch.qos.logback.core.rolling.RollingFileAppender">
        <!-- Trigger for rolling logs every day and limit size to 10 MB -->
        <rollingPolicy class="ch.qos.logback.core.rolling.SizeAndTimeBasedRollingPolicy">
            <!-- rollover daily -->
            <fileNamePattern>logs/${applicationName}/application-%d{yyyy-MM-dd}.%i.log</fileNamePattern>
            <maxFileSize>10MB</maxFileSize>
            <!-- keep 30 days' worth of history -->
            <maxHistory>30</maxHistory>
        </rollingPolicy>

        <encoder class="ch.qos.logback.classic.encoder.PatternLayoutEncoder">
            <Pattern>%d{dd-MM-yyyy HH:mm:ss.SSS} [%thread] [%X{traceId}-%X{spanId}] %-5level ${applicationName}-%logger{36}.%M - %msg%n</Pattern>
        </encoder>
    </appender>

    <root level="INFO">
        <appender-ref ref="STDOUT" />
        <appender-ref ref="ROLLING-FILE" />
    </root>
</configuration>